Product_ID,Purchase
P00000142,12592163
P00000242,3914901
P00000342,1261383
P00000442,441173
P00000542,791219
P00000642,7635578
P00000742,1435959
P00000842,360314
P00000942,573183
P00001042,6787184
P00001142,3821804
P00001242,421327
P00001342,518420
P00001442,612829
P00001542,628586
P00001642,2642227
P00001742,3585330
P00001842,1095944
P00001942,901749
P00002042,874053
P00002142,10322944
P00002242,2637721
P00002342,784352
P00002442,2072076
P00002542,3891418
P00002642,425676
P00002742,234684
P00002842,1236432
P00002942,2880524
P00003042,278597
P00003142,533981
P00003242,6465148
P00003342,19569
P00003442,2585111
P00003542,248127
P00003642,3920406
P00003742,57669
P00003842,71450
P00003942,4657857
P00004042,97265
P00004142,934189
P00004242,1269862
P00004342,636081
P00004442,1585587
P00004542,1689320
P00004642,563963
P00004742,9878674
P00004842,1667016
P00004942,137948
P00005042,17486938
P00005142,1448925
P00005242,35808
P00005342,48914
P00005442,144271
P00005542,33404
P00005642,321630
P00005742,2212801
P00005842,27914
P00005942,1870927
P00006042,212599
P00006142,2144575
P00006242,304146
P00006342,158267
P00006442,320797
P00006542,435264
P00006642,11874
P00006742,169123
P00006842,1207264
P00006942,6126281
P00007042,346885
P00007142,300240
P00007242,893903
P00007342,411764
P00007442,16323
P00007542,959387
P00007642,287190
P00007742,200775
P00007842,350483
P00007942,219476
P00008042,1136614
P00008142,395359
P00008242,134464
P00008342,76961
P00008442,705726
P00008542,1345416
P00008642,74148
P00008742,562190
P00008842,1249597
P00008942,9815
P00009042,214314
P00009142,184348
P00009242,810955
P00009342,3951879
P00009442,43812
P00009542,204961
P00009642,24539
P00009742,338145
P00010042,87267
P00010142,281446
P00010242,2212889
P00010342,1310741
P00010442,52645
P00010542,1354574
P00010642,62902
P00010742,21865042
P00010842,5489465
P00010942,4042695
P00011042,186457
P00011142,34091
P00011242,406907
P00011342,606704
P00011442,183614
P00011542,25087
P00011642,15818
P00011742,145948
P00011842,449175
P00011942,464210
P00012042,37982
P00012142,1253127
P00012242,338013
P00012342,2118
P00012442,120478
P00012542,26348
P00012742,52422
P00012842,424505
P00012942,1717
P00013142,344752
P00013242,90699
P00013342,41881
P00013442,2277
P00013542,15836
P00013642,424202
P00013742,2195074
P00013842,2021
P00013942,1402516
P00014042,2463668
P00014142,103879
P00014242,741912
P00014342,56243
P00014442,355644
P00014542,5369715
P00014642,2235032
P00014742,150772
P00014842,4208145
P00014942,691177
P00015042,318053
P00015142,202053
P00015242,491959
P00015342,1435106
P00015442,361272
P00015542,2608961
P00015642,3027415
P00015742,3992575
P00015842,3548261
P00015942,2893376
P00016042,6351604
P00016142,120746
P00016242,13900
P00016342,2160602
P00016442,405142
P00016542,1856106
P00016642,308617
P00016742,2643966
P00016842,2840052
P00016942,186338
P00017042,878475
P00017142,885654
P00017242,264116
P00017342,68997
P00017442,110559
P00017542,1513340
P00017642,320833
P00017742,210454
P00017842,244193
P00017942,86993
P00018042,3631733
P00018142,527423
P00018242,343293
P00018342,491263
P00018442,57869
P00018542,789275
P00018642,213501
P00018742,25306
P00018842,392138
P00018942,889313
P00019042,350525
P00019142,1308407
P00019242,58000
P00019342,4294695
P00019442,463666
P00019542,62222
P00019642,100768
P00019742,77965
P00019842,612049
P00019942,1212634
P00020042,296680
P00020142,735183
P00020242,711672
P00020342,3589835
P00020442,147349
P00020542,46025
P00020642,153058
P00020742,30203
P00020842,497797
P00020942,121328
P00021042,609884
P00021142,1015744
P00021242,201587
P00021342,597679
P00021442,73571
P00021542,48590
P00021642,1242698
P00021742,5322085
P00021842,1177898
P00021942,863969
P00022042,8734
P00022142,773647
P00022242,42526
P00022342,483874
P00022442,1278064
P00022542,2070450
P00022642,1295197
P00022742,935891
P00022842,343700
P00022942,3328548
P00023042,1049689
P00023142,791154
P00023242,154915
P00023342,720689
P00023442,226338
P00023542,30266
P00023642,319071
P00023742,17764
P00023842,27735
P00023942,78440
P00024042,6789114
P00024142,2002226
P00024242,391248
P00024342,1133734
P00024442,28625
P00024542,136554
P00024642,1091706
P00024742,2871602
P00024842,115597
P00024942,149150
P00025042,547083
P00025142,35139
P00025242,589613
P00025342,637215
P00025442,27532426
P00025542,1165893
P00025642,263371
P00025742,109453
P00025842,15636
P00025942,3336034
P00026042,2549295
P00026142,360185
P00026242,206797
P00026342,188802
P00026442,239488
P00026542,217396
P00026642,1531820
P00026742,783022
P00026842,43122
P00026942,177767
P00027042,607437
P00027142,551586
P00027242,106484
P00027342,169348
P00027442,834866
P00027542,958112
P00027642,674128
P00027742,89931
P00027842,12128
P00027942,32288
P00028042,4511980
P00028142,547106
P00028242,1523723
P00028342,276569
P00028442,5242434
P00028542,8142138
P00028642,94990
P00028742,53132
P00028842,20634646
P00028942,73905
P00029042,91346
P00029142,522858
P00029242,2676257
P00029342,173930
P00029442,338250
P00029542,2475430
P00029642,113535
P00029742,326721
P00029842,1573823
P00029942,906881
P00030042,842871
P00030142,176582
P00030242,13959
P00030442,234505
P00030542,220414
P00030642,1162535
P00030742,810592
P00030842,8021906
P00030942,809089
P00031042,10570248
P00031142,2318192
P00031242,306575
P00031342,265789
P00031442,689553
P00031542,114131
P00031642,142802
P00031742,272052
P00031842,1971963
P00031942,381742
P00032042,7189950
P00032142,371158
P00032242,81914
P00032342,318186
P00032442,1396401
P00032542,477468
P00032642,13738
P00032742,66053
P00032842,2911824
P00032942,1458262
P00033042,2338914
P00033142,460613
P00033242,128138
P00033342,1736489
P00033442,32464
P00033542,2222764
P00033642,1583428
P00033742,464980
P00033842,178230
P00033942,1476877
P00034042,8274454
P00034142,1847441
P00034242,858516
P00034342,370333
P00034442,5307859
P00034542,255266
P00034642,226322
P00034742,8570703
P00034842,4437947
P00034942,460317
P00035042,75357
P00035142,619816
P00035242,1019548
P00035342,1432983
P00035442,579328
P00035542,6257130
P00035642,221071
P00035742,576614
P00035842,3671387
P00035942,5903740
P00036042,173126
P00036142,1031238
P00036242,689099
P00036342,1229034
P00036442,2354251
P00036542,158880
P00036642,56050
P00036742,2325003
P00036842,11970269
P00036942,424276
P00037042,2422923
P00037142,10572703
P00037242,690105
P00037342,877583
P00037442,374353
P00037542,284613
P00037642,33547
P00037742,105005
P00037842,602574
P00037942,336611
P00038042,71799
P00038142,422163
P00038242,324277
P00038342,124830
P00038442,456532
P00038542,206252
P00038642,8062
P00038742,24178
P00038842,16895
P00039142,41542
P00039242,986613
P00039342,52203
P00039442,470887
P00039542,234793
P00039642,131791
P00039742,1297391
P00039842,33809
P00039942,1185182
P00040042,648728
P00040142,227067
P00040242,414665
P00040342,98688
P00040442,689579
P00040542,76563
P00040642,289179
P00040742,1709237
P00040842,592507
P00040942,447231
P00041042,1537544
P00041142,188543
P00041242,387826
P00041342,721488
P00041442,44643
P00041542,1084092
P00041642,436103
P00041742,62246
P00041842,2820406
P00041942,982707
P00042042,104895
P00042142,4652685
P00042242,1283241
P00042342,425250
P00042442,112704
P00042542,799992
P00042742,3311171
P00042842,2370342
P00042942,4056306
P00043042,186084
P00043142,202786
P00043242,254028
P00043342,1075726
P00043442,57040
P00043542,931751
P00043642,224076
P00043742,641656
P00043842,340131
P00043942,120785
P00044042,209548
P00044142,3119299
P00044242,1189142
P00044342,455617
P00044442,17441510
P00044542,277632
P00044642,774753
P00044742,91036
P00044842,303300
P00044942,146316
P00045042,280596
P00045142,1221466
P00045242,747841
P00045342,3298472
P00045442,150819
P00045542,1144345
P00045642,235775
P00045742,70119
P00045842,2020635
P00045942,111730
P00046042,342113
P00046142,7587860
P00046242,1220092
P00046342,91404
P00046442,777934
P00046542,44494
P00046642,840279
P00046742,20869698
P00046842,1095098
P00046942,1307293
P00047042,336105
P00047142,174399
P00047242,2682816
P00047342,143739
P00047442,113481
P00047542,180646
P00047642,244805
P00047742,1296354
P00047842,768814
P00047942,1261233
P00048042,2282790
P00048142,2630418
P00048242,180511
P00048342,121949
P00048442,2393442
P00048542,175703
P00048642,125130
P00048742,2685716
P00048842,454404
P00048942,688968
P00049042,56254
P00049142,977748
P00049242,165077
P00049342,465454
P00049442,2267565
P00049542,2381446
P00049642,2406512
P00049742,114838
P00049842,1039348
P00049942,429721
P00050042,194522
P00050142,1144811
P00050242,1856843
P00050342,665515
P00050442,2569774
P00050542,337890
P00050642,876106
P00050742,1041037
P00050842,775948
P00050942,602337
P00051042,415088
P00051142,1873426
P00051242,71775
P00051342,16029
P00051442,11029200
P00051542,191778
P00051642,3218420
P00051742,5843
P00051842,485467
P00051942,1184046
P00052042,1124611
P00052142,1063502
P00052242,1235656
P00052342,186250
P00052442,617477
P00052542,1351366
P00052642,3527201
P00052742,807191
P00052842,19492434
P00052942,560355
P00053042,2112997
P00053142,733069
P00053242,3937
P00053342,1475258
P00053442,755451
P00053542,704697
P00053642,1311254
P00053742,488946
P00053842,1447163
P00053942,3680285
P00054042,885200
P00054142,141666
P00054242,5340862
P00054342,1287984
P00054442,9941
P00054542,849940
P00054642,3830
P00054742,27479
P00054842,95734
P00054942,1700890
P00055042,72098
P00055142,116718
P00055242,150827
P00055342,33401
P00055442,65597
P00055542,104979
P00055642,115169
P00055742,62607
P00055842,123622
P00055942,11897
P00056042,99532
P00056142,519237
P00056242,127652
P00056342,5175
P00056442,260237
P00056542,9790
P00056642,8713
P00056742,192450
P00056842,1117002
P00057042,70860
P00057242,1137114
P00057342,794601
P00057442,3821034
P00057542,7377328
P00057642,22493690
P00057742,10268651
P00057942,10945209
P00058042,12029707
P00058142,4130250
P00058242,6084657
P00058342,2775669
P00058442,3506133
P00058542,33265
P00058642,422008
P00058742,200266
P00058942,335549
P00059042,143807
P00059142,792856
P00059242,169939
P00059342,2256
P00059442,23948299
P00059542,275298
P00059642,4744439
P00059742,1169443
P00059842,182785
P00059942,310458
P00060042,26037
P00060142,243692
P00060242,1301678
P00060342,40010
P00060442,23336
P00060542,86500
P00060642,167019
P00060742,7488
P00060942,59236
P00061042,468959
P00061142,1960367
P00061242,28259
P00061342,271318
P00061442,94059
P00061542,70421
P00061742,264925
P00061842,323450
P00061942,138871
P00062042,194028
P00062142,215318
P00062342,3939
P00062442,5436
P00062642,89859
P00062742,1807057
P00062842,11269793
P00062942,56143
P00063042,329146
P00063242,2490
P00063342,3973472
P00063442,1866
P00063542,91185
P00063642,5211
P00063742,6006
P00063842,155537
P00064042,2637869
P00064142,854915
P00064242,981782
P00064342,30041
P00064442,173790
P00064542,5897
P00064642,229726
P00064742,143958
P00064842,87823
P00064942,275142
P00065042,1783490
P00065142,4153
P00065242,2699358
P00065342,2120640
P00065442,1362797
P00065542,7766
P00065642,552720
P00065742,106813
P00065842,38209
P00065942,2139
P00066042,107436
P00066142,8264
P00066242,983122
P00066342,4095
P00066442,354253
P00066542,497021
P00066642,757471
P00066742,43774
P00066842,42031
P00066942,215740
P00067042,20105
P00067142,436834
P00067342,122149
P00067442,12383
P00067542,209187
P00067642,142454
P00067742,9920
P00067842,1900860
P00067942,2207125
P00068042,593590
P00068142,117703
P00068242,221905
P00068342,7882
P00068442,264961
P00068542,197682
P00068642,177576
P00068742,7099
P00068842,97280
P00068942,627235
P00069042,2621891
P00069142,228590
P00069242,1379195
P00069342,215034
P00069442,18115
P00069542,816304
P00069642,3999
P00069742,1977
P00069842,14875
P00069942,41317
P00070042,10605247
P00070142,3565
P00070242,360853
P00070342,7213152
P00070442,1316010
P00070542,1911717
P00070642,440577
P00070742,232020
P00070842,12355
P00070942,4552742
P00071042,353454
P00071142,93224
P00071242,2736640
P00071342,16081
P00071442,13730143
P00071542,66417
P00071642,93160
P00071742,61597
P00071842,7749
P00071942,25454
P00072042,7884
P00072142,7947
P00072242,577903
P00072342,173089
P00072442,611838
P00072542,609434
P00072742,202288
P00072842,405086
P00072942,460307
P00073042,91991
P00073142,87534
P00073242,41912
P00073342,7913
P00073442,15214
P00073542,12145
P00073642,3304513
P00073742,151530
P00073842,12527227
P00073942,360975
P00074042,843941
P00074142,1726277
P00074242,1011160
P00074342,2488467
P00074442,2960361
P00074542,20323
P00074642,2699919
P00074742,7884
P00074842,6031
P00075042,18456
P00075142,29597
P00075242,12071
P00075342,1152553
P00075442,1061953
P00075542,2745914
P00075642,130790
P00075742,1610944
P00075842,484762
P00075942,627852
P00076042,1476667
P00076142,196555
P00076242,23134
P00076342,160591
P00076442,506982
P00076542,79576
P00076642,31714
P00076742,124271
P00076942,43843
P00077042,409008
P00077142,10088
P00077242,4073
P00077342,9930
P00077442,111283
P00077542,2096
P00077742,207441
P00077842,319697
P00077942,761158
P00078042,77707
P00078142,2118030
P00078242,166778
P00078342,7437
P00078442,361066
P00078542,1397357
P00078642,286550
P00078742,1938246
P00078842,628693
P00078942,116905
P00079042,63796
P00079142,369913
P00079342,13882
P00079442,119762
P00079542,14701
P00079642,575904
P00079742,2658006
P00079842,250317
P00079942,455518
P00080042,1877799
P00080142,14162
P00080242,35539
P00080342,20842960
P00080442,8124
P00080542,42676
P00080642,2024139
P00080742,121179
P00080842,49445
P00080942,58219
P00081142,5186416
P00081242,48132
P00081342,5338
P00081442,346030
P00081542,102058
P00081642,6138
P00081742,61085
P00081842,178219
P00081942,127477
P00082042,89530
P00082242,575214
P00082342,1533230
P00082442,67666
P00082542,156233
P00082742,38436
P00082842,595730
P00082942,10075
P00083042,150976
P00083142,11012
P00083242,353074
P00083342,556222
P00083442,263697
P00083542,2248
P00083642,172451
P00083742,578699
P00083842,2266472
P00083942,605868
P00084042,261076
P00084142,635109
P00084242,2929811
P00084342,385857
P00084442,467811
P00084542,1482752
P00084642,79331
P00084742,423614
P00084842,6290551
P00084942,1610763
P00085042,3181405
P00085142,1265457
P00085242,7859428
P00085342,11378642
P00085442,485991
P00085542,1382400
P00085642,1713874
P00085742,99870
P00085842,130892
P00085942,13071817
P00086042,4926647
P00086142,1107680
P00086242,5707828
P00086342,5384449
P00086442,7699059
P00086542,58668
P00086642,1793846
P00086742,240813
P00086842,3492358
P00086942,821165
P00087042,4718717
P00087142,81721
P00087242,1420387
P00087342,1531012
P00087442,1083886
P00087542,282835
P00087642,453739
P00087742,151912
P00087842,122792
P00087942,30397
P00088042,3088769
P00088142,545467
P00088242,2896775
P00088342,826889
P00088442,384277
P00088542,1032783
P00088642,628950
P00088742,739701
P00088842,539558
P00088942,1025235
P00089042,120321
P00089142,1515061
P00089242,1687280
P00089342,3368871
P00089442,1663217
P00089542,1524550
P00089642,182736
P00089742,131371
P00089842,35403
P00089942,255565
P00090042,82681
P00090142,96317
P00090242,106936
P00090342,41077
P00090442,77180
P00090542,2516876
P00090642,31964
P00090742,17814
P00090842,2099294
P00090942,9261491
P00091042,122182
P00091142,1178147
P00091242,32107
P00091342,344627
P00091442,19581
P00091542,3725
P00091642,395172
P00091742,405
P00091842,459557
P00091942,23655
P00092042,7954
P00092142,338996
P00092242,73404
P00092342,25164
P00092442,1441380
P00092542,126798
P00092642,256603
P00092842,295582
P00092942,718253
P00093042,125537
P00093142,41924
P00093242,2040958
P00093342,1543897
P00093442,109518
P00093542,650364
P00093642,2068845
P0009842,401749
P0009942,858938
P00100042,296953
P00100142,1129669
P00100342,29804
P00100442,8945177
P00100542,184949
P00100642,2967366
P00100742,1362953
P00100842,4921653
P00100942,3542509
P00101042,1461421
P00101142,505692
P00101242,552584
P00101342,6023879
P00101442,831366
P00101542,160326
P00101642,6953
P00101742,441259
P00101842,10641211
P00101942,4933012
P00102042,933930
P00102142,274555
P00102242,2549558
P00102342,4980511
P00102442,2337993
P00102542,1290921
P00102642,3427009
P00102742,8689
P00102842,786363
P00102942,2593757
P00103042,8026194
P00103142,27557
P00103242,1731767
P00103342,2358457
P00103442,74217
P00103542,10647
P00103642,834847
P00103742,206965
P00103842,101789
P00103942,108217
P00104042,1745
P00104142,41976
P00104242,65305
P00104342,6493
P00104442,77581
P00104542,1642560
P00104642,52042
P00104742,294253
P00104842,1648604
P00104942,1370573
P00105042,721265
P00105142,12997466
P00105242,418667
P00105342,6455166
P00105442,600125
P00105542,910857
P00105642,1051641
P00105842,23728
P00105942,1225658
P00106042,6760465
P00106142,53619
P00106342,2229
P00106442,71178
P00106542,21261
P00106642,2726953
P00106742,5795368
P00106842,32906
P00106942,617600
P00107042,158512
P00107142,212029
P00107242,52356
P00107342,99069
P00107442,1924
P00107542,355146
P00107642,365352
P00107742,67952
P00107842,2050
P00107942,2161
P00108042,239434
P00108142,33931
P00108242,237174
P00108342,71542
P00108442,1518746
P00108542,2573827
P00108642,667598
P00108742,10771
P00108842,1356787
P00108942,538298
P00109042,564535
P00109142,985060
P00109242,7027800
P00109342,154915
P00109442,74925
P00109542,4020189
P00109642,308123
P00109742,1907750
P00109842,2280933
P00109942,541599
P00110042,2445311
P00110142,2686708
P00110242,522353
P00110342,1495377
P00110442,983241
P00110542,8255990
P00110642,618168
P00110742,26382569
P00110842,21023004
P00110942,23232538
P00111042,8657902
P00111142,16140243
P00111242,6846569
P00111342,228239
P00111442,2712520
P00111542,6206125
P00111642,1471548
P00111742,11763620
P00111842,4501698
P00111942,5365632
P00112042,282022
P00112142,23882624
P00112242,894030
P00112342,242416
P00112442,15632165
P00112542,17847524
P00112642,7329071
P00112742,536640
P00112842,1543157
P00112942,1914328
P00113042,4194687
P00113142,11380499
P00113242,15494499
P00113342,10697260
P00113442,2941096
P00113542,1782547
P00113642,6119849
P00113742,924905
P00113842,2094341
P00113942,3037631
P00114042,5007838
P00114142,3190125
P00114242,17553
P00114342,8856214
P00114442,4096859
P00114542,2664265
P00114642,360773
P00114742,1509409
P00114842,1380665
P00114942,18942450
P00115042,200900
P00115142,9406039
P00115242,1222369
P00115342,2648633
P00115442,1576371
P00115542,3685859
P00115642,5932766
P00115742,4913509
P00115842,6558893
P00115942,4538958
P00116042,1128797
P00116142,12839872
P00116242,2269856
P00116342,3468322
P00116442,133832
P00116542,2295201
P00116642,1737615
P00116742,3716220
P00116842,12992640
P00116942,2875320
P00117042,4375612
P00117142,5293502
P00117242,3073353
P00117342,2049492
P00117442,8541644
P00117542,1719752
P00117642,7935907
P00117742,1109337
P00117842,2718363
P00117942,9396418
P00118042,2524199
P00118142,2917330
P00118242,566169
P00118342,3163789
P00118442,5835057
P00118542,3642197
P00118642,2752830
P00118742,4721384
P00118842,684233
P00118942,1230579
P00119042,748936
P00119142,5397443
P00119242,763126
P00119342,6218106
P00119442,2859058
P00119542,968014
P00119642,6143214
P00119742,4428351
P00119842,1535368
P00119942,814816
P00120042,14254199
P00120142,2237390
P00120242,2805900
P00120342,4509403
P00120442,978825
P00120542,2341518
P00120642,1542113
P00120742,1644110
P00120842,3296898
P00120942,1434573
P00121042,3266110
P00121142,3431974
P00121242,2182570
P00121342,12351788
P00121442,425468
P00121542,569471
P00121642,6040972
P00121742,353846
P00121842,7263
P00121942,96298
P00122042,28779
P00122142,16559
P00122342,86437
P00122442,6100193
P00122542,1577016
P00122642,43013
P00122742,62489
P00122842,34598
P00122942,29479
P00123042,76395
P00123142,897144
P00123242,30865
P00123342,77733
P00123442,307952
P00123542,136018
P00123642,276270
P00123742,2300827
P00123842,955427
P00123942,88503
P00124042,87867
P00124142,163308
P00124242,1712570
P00124342,598418
P00124442,154533
P00124542,651332
P00124642,5902800
P00124742,3592531
P00124842,1671421
P00124942,436207
P00125042,1291226
P00125142,817810
P00125242,50170
P00125342,1275646
P00125442,117120
P00125542,652095
P00125642,580807
P00125742,1144436
P00125842,187465
P00125942,10357816
P00126042,2328864
P00126142,5267362
P00126242,1126258
P00126342,9875
P00126442,1504115
P00126542,372217
P00126642,317717
P00126742,15636
P00126842,215015
P00126942,326912
P00127042,413918
P00127142,19748
P00127242,8087509
P00127342,5296285
P00127442,7057657
P00127542,3630622
P00127642,11251451
P00127742,6395561
P00127842,8494210
P00127942,6132193
P00128042,4081339
P00128142,2276971
P00128242,2868431
P00128342,582767
P00128442,679920
P00128542,35801
P00128642,13930
P00128742,3091385
P00128942,14603678
P00129042,1938413
P00129142,890486
P00129242,389384
P00129342,6328880
P00129442,776676
P00129542,5571956
P00129642,5358807
P00129742,857205
P00129842,9009983
P00129942,256879
P00130042,415343
P00130142,344885
P00130242,573479
P00130342,458734
P00130442,2037573
P00130542,81062
P00130642,2574050
P00130742,7989312
P00130842,1054639
P00130942,257211
P00131042,1597962
P00131142,110788
P00131242,201436
P00131342,553933
P00131442,208142
P00131542,964078
P00131642,103079
P00131742,584905
P00131842,53551
P00131942,150637
P00132042,81615
P00132142,64964
P00132242,463887
P00132342,22828
P00132442,311590
P00132542,209449
P00132642,2161816
P00132742,4776
P00132842,1236865
P00132942,641320
P00133042,7053
P00133142,31072
P00133242,14324
P00133342,87639
P00133442,1920024
P00133542,83987
P00133642,199168
P00133742,1530208
P00133842,211175
P00133942,33569
P00134042,280934
P00134142,675772
P00134242,328511
P00134342,1761936
P00134442,65234
P00134542,350720
P00134642,246902
P00134742,54113
P00134842,115944
P00134942,798382
P00135042,128952
P00135142,135045
P00135242,89477
P00135342,547756
P00135442,79261
P00135542,49518
P00135642,423696
P00135742,6247303
P00135842,358048
P00135942,16954
P00136042,13831
P00136142,290863
P00136242,266491
P00136342,133348
P00136442,522065
P00136542,1735857
P00136642,185234
P00136742,3804811
P00136842,1759903
P00136942,170127
P00137042,462902
P00137142,44330
P00137242,2214565
P00137342,24239
P00137442,514768
P00137542,1705973
P00137642,174175
P00137742,60948
P00137842,96371
P00137942,26397
P00138042,123253
P00138142,82077
P00138242,206110
P00138342,511551
P00138442,1929744
P00138542,3918780
P00138642,96149
P00138742,68243
P00138842,374791
P00138942,58288
P00139042,137706
P00139142,112595
P00139242,61175
P00139442,63757
P00139542,2252216
P00139642,15259
P00139742,518511
P00139842,193442
P00139942,4269011
P00140042,2557818
P00140142,17757
P00140242,56644
P00140342,18439
P00140442,292004
P00140542,201777
P00140642,195650
P00140742,11094527
P00140942,105872
P00141042,19816
P00141142,21300
P00141242,115397
P00141342,22080
P00141442,311559
P00141542,1539998
P00141642,16692
P00141742,33678
P00141842,692906
P00141942,788333
P00142042,33637
P00142142,8293846
P00142242,310763
P00142342,185977
P00142442,36690
P00142542,3964
P00142642,58269
P00142742,171211
P00142842,177363
P00142942,6305171
P00143042,16091
P00143142,462679
P00143242,4213
P00143342,1524490
P00143442,3431
P00143542,10539
P00143642,2905363
P00143742,171072
P00143842,153303
P00143942,37544
P00144042,2693722
P00144142,15902
P00144242,2794114
P00144342,244115
P00144442,169732
P00144542,88382
P00144642,9752276
P00144742,94365
P00144842,43986
P00144942,5912
P00145042,20089014
P00145142,140506
P00145242,347259
P00145342,29149
P00145442,5525163
P00145542,75610
P00145642,3664223
P00145742,3944575
P00145842,326236
P00145942,3902016
P00146042,2739851
P00146142,2464328
P00146242,120880
P00146342,386520
P00146442,1240668
P00146542,254938
P00146642,113370
P00146742,5759375
P00146842,709564
P00146942,236869
P00147042,262735
P00147142,404472
P00147242,76158
P00147342,2402246
P00147442,393135
P00147542,365943
P00147642,523198
P00147742,8070985
P00147842,187669
P00147942,14067912
P00148042,840988
P00148142,171102
P00148242,84468
P00148342,1427346
P00148442,1493292
P00148542,2282352
P00148642,20381950
P00148742,1397871
P00148842,2967375
P00148942,282677
P00149042,13947
P00149142,204971
P00149242,127638
P00149342,350143
P00149442,468915
P00149542,1686176
P00149642,335881
P00149742,3593
P00149842,340388
P00149942,46431
P00150042,984060
P00150142,1965545
P00150242,26939
P00150342,4062773
P00150442,226154
P00150542,4283971
P00150642,197114
P00150742,1079446
P00150842,990038
P00150942,6174672
P00151042,246326
P00151142,663086
P00151242,644016
P00151342,1766398
P00151442,133213
P00151542,59911
P00151642,21175
P00151742,4285931
P00151842,127031
P00151942,168256
P00152042,52338
P00152142,84031
P00152242,702311
P00152342,31716
P00152442,742781
P00152542,587349
P00152642,123628
P00152742,2582697
P00152842,17931
P00152942,487454
P00153042,53022
P00153142,685108
P00153242,98741
P00153342,259030
P00153442,260944
P00153542,162604
P00153642,1268223
P00153742,4607575
P00153842,4402562
P00153942,65362
P00154042,7448449
P00154142,106097
P00154242,1879753
P00154342,48857
P00154442,1794676
P00154542,616681
P00154642,4289773
P00154742,924321
P00154842,345422
P00154942,22692
P00155042,693051
P00155142,2091538
P00155242,1617767
P00155342,687611
P00155442,4826414
P00155542,38190
P00155642,1502713
P00155742,1837126
P00155842,101781
P00155942,105441
P00156042,603611
P00156142,896054
P00156242,298456
P00156342,150930
P00156442,6771407
P00156542,117809
P00156642,8205
P00156742,1917608
P00156842,253999
P00157042,87197
P00157142,1210163
P00157242,42082
P00157342,1688604
P00157442,16811
P00157542,5822249
P00157642,6503212
P00157842,120492
P00157942,375012
P00158042,754035
P00158142,49699
P00158242,5824571
P00158342,696967
P00158442,132817
P00158542,3918977
P00158642,250244
P00158742,742776
P00158842,981499
P00158942,129813
P00159042,21977
P00159142,95799
P00159242,405610
P00159342,172931
P00159442,3081667
P00159542,8839568
P00159642,82626
P00159742,222070
P00159842,1180538
P00159942,565550
P00160042,2597969
P00160142,240087
P00160242,98213
P00160342,380138
P00160442,221897
P00160542,344313
P00160642,1375357
P00160742,5174
P00160842,67923
P00160942,2115311
P00161042,165385
P00161142,106886
P00161242,1328642
P00161342,19778
P00161442,3088317
P00161542,2567581
P00161642,62415
P00161742,19719
P00161842,1699776
P00161942,5471966
P00162042,1429034
P00162142,29032
P00162242,759387
P00162342,303266
P00162442,3327550
P00162542,48147
P00162642,478917
P00162742,7837
P00162842,27703
P00162942,1476185
P00163042,280142
P00163142,1533154
P00163242,2292864
P00163342,815197
P00163442,4839857
P00163542,905902
P00163642,57600
P00163742,114410
P00163842,1308782
P00163942,30105
P00164042,61777
P00164142,91940
P00164242,3947
P00164342,354009
P00164442,33667
P00164642,576263
P00164742,19572
P00164842,319403
P00164942,207949
P00165042,105050
P00165142,345880
P00165242,111403
P00165442,3600123
P00165642,1624426
P00165742,1993869
P00165842,2541066
P00165942,483881
P00166042,185187
P00166142,142717
P00166242,614158
P00166342,327203
P00166442,15966
P00166642,103836
P00166742,1134289
P00166842,57606
P00166942,1059891
P00167042,19158
P00167142,47421
P00167242,7994
P00167342,4218
P00167442,18158
P00167542,149177
P00167642,225341
P00167742,527413
P00167842,59628
P00167942,1220348
P00168042,141019
P00168142,165216
P00168342,257227
P00168442,279232
P00168542,31892
P00168642,442026
P00168742,1286408
P00168842,178942
P00168942,8275
P00169042,230216
P00169142,252706
P00169242,21367
P00169342,41669
P00169442,1027628
P00169542,89516
P00169642,552928
P00169742,6092714
P00169842,2223
P00169942,14788
P00170042,61691
P00170142,84352
P00170242,305841
P00170342,2330868
P00170442,2121373
P00170542,939414
P00170642,2093094
P00170742,19584
P00170842,266955
P00170942,1068633
P00171042,404227
P00171142,12012
P00171242,18111
P00171342,131715
P00171442,71610
P00171542,2605202
P00171642,942585
P00171742,121042
P00171842,521422
P00171942,75755
P00172042,72599
P00172142,286986
P00172242,54146
P00172342,112981
P00172442,17625
P00172542,341839
P00172642,2069
P00172742,100494
P00172842,2706621
P00173042,355932
P00173142,359902
P00173242,1524277
P00173342,6770208
P00173442,517800
P00173542,1359544
P00173742,2628213
P00173842,7626117
P00173942,4794081
P00174042,145858
P00174142,1518366
P00174242,5075382
P00174342,186322
P00174442,4953528
P00174542,609727
P00174642,145521
P00174742,21005
P00174842,1720767
P00174942,39325
P00175042,347415
P00175142,10182
P00175242,1673842
P00175342,25398
P00175442,67589
P00175542,295083
P00175642,500849
P00175742,395497
P00175842,271038
P00175942,463548
P00176042,946644
P00176142,395187
P00176242,483052
P00176342,577597
P00176442,210453
P00176542,1675709
P00176642,4680422
P00176742,844476
P00176842,588016
P00176942,772310
P00177042,907738
P00177142,1522335
P00177242,165518
P00177342,2962044
P00177442,7394248
P00177542,8970146
P00177642,1879686
P00177742,2127638
P00177842,2665061
P00177942,1860801
P00178042,2277425
P00178142,2718677
P00178242,5629335
P00178342,2811954
P00178442,837437
P00178542,1252612
P00178642,2436584
P00178742,653613
P00178842,3512253
P00178942,5599297
P00179042,486422
P00179142,614841
P00179242,477305
P00179342,306254
P00179442,364115
P00179542,700346
P00179642,324090
P00179742,367706
P00179842,304079
P00179942,214277
P00180042,235451
P00180142,160038
P00180242,160906
P00180342,1590981
P00180442,448165
P00180542,183561
P00180642,257057
P00180742,216345
P00180842,208371
P00180942,83870
P00181042,17241
P00181142,20110
P00181242,591066
P00181342,242543
P00181442,122653
P00181542,2443727
P00181642,389681
P00181742,192296
P00181842,2654296
P00181942,165514
P00182042,326366
P00182142,13579882
P00182242,7889448
P00182342,5695036
P00182442,2304971
P00182542,935054
P00182642,4497181
P00182742,7304737
P00182842,164842
P00182942,66912
P00183042,3792730
P00183142,3631807
P00183242,3771060
P00183342,3546077
P00183442,4649923
P00183542,221891
P00183642,473146
P00183742,112463
P00183842,190692
P00183942,3017786
P00184042,5937321
P00184142,3156139
P00184242,6259016
P00184342,839058
P00184442,5532656
P00184542,517272
P00184642,794543
P00184742,406242
P00184842,323901
P00184942,24060871
P00185042,270408
P00185142,39440
P00185242,34917
P00185342,822600
P00185442,1846676
P00185542,67044
P00185642,74450
P00185742,235970
P00185842,214981
P00185942,3773
P00186042,130050
P00186142,757880
P00186242,179876
P00186342,922351
P00186442,115481
P00186542,353550
P00186642,3425467
P00186742,18972
P00186842,647508
P00186942,132930
P00187042,465237
P00187142,456562
P00187242,236346
P00187342,307238
P00187442,5112583
P00187542,111981
P00187642,72074
P00187742,572757
P00187842,6136287
P00187942,324137
P00188042,562746
P00188142,25185
P00188242,249769
P00188342,20320
P00188442,3242476
P00188542,1755551
P00188642,1289582
P00188742,2526331
P00188842,454016
P00188942,575620
P00189042,1079520
P00189142,761379
P00189242,812477
P00189342,215733
P00189442,78149
P00189542,365754
P00189642,2566261
P00189742,805696
P00189842,3615857
P00189942,18372
P00190042,4792599
P00190142,5776032
P00190242,379245
P00190342,359810
P00190442,87593
P00190542,3003146
P00190642,102892
P00190742,3107783
P00190842,2183530
P00190942,1113305
P00191042,1198706
P00191142,227284
P00191242,681816
P00191342,1240239
P00191442,4922621
P00191542,127506
P00191642,2589839
P00191742,288645
P00191842,96597
P00191942,1273167
P00192042,3788310
P00192142,74164
P00192242,985265
P00192342,181072
P00192442,195054
P00192542,6686701
P00192642,629564
P00192742,451243
P00192842,2983447
P00192942,2083292
P00193042,1120540
P00193142,1017163
P00193242,2879895
P00193342,136010
P00193442,945794
P00193542,8666527
P00193642,2659676
P00193742,1074795
P00193842,1058463
P00193942,310951
P00194042,842799
P00194142,532743
P00194242,448675
P00194342,881203
P00194442,2186397
P00194542,1744051
P00194642,2880766
P00194742,19944
P00194842,115201
P00194942,55208
P00195042,2568816
P00195142,91339
P00195242,1286208
P00195342,3276634
P00195442,1608902
P00195542,1371199
P00195642,746487
P00195742,2682333
P00195842,1804825
P00195942,2012159
P00196042,895653
P00196142,1995077
P00196242,816589
P00196342,1989334
P00196442,2498963
P00196542,2138740
P00196642,1217046
P00196742,613153
P00196842,484766
P00196942,205349
P00197042,2421164
P00197142,385164
P00197242,61077
P00197342,1161518
P00197442,476784
P00197542,903861
P00197642,40176
P00197742,138671
P00197842,143267
P00197942,1637106
P00198042,2291863
P00198142,4754246
P00198242,767698
P00198342,509983
P00198442,61311
P00198542,391987
P00198642,548491
P00198742,5772401
P00198842,248831
P00198942,355954
P00199042,656445
P00199142,636602
P00199242,12309
P00199342,703643
P00199442,4893917
P00199542,61949
P00199642,1457020
P00199742,254941
P00199842,702001
P00199942,365931
P00200042,446182
P00200142,965794
P00200242,426865
P00200342,1411500
P00200442,56503
P00200542,144861
P00200642,5345079
P00200742,9553
P00200842,772967
P00200942,121328
P00201042,166182
P00201142,12616
P00201242,18501
P00201342,5520218
P00201442,9000450
P00201542,441920
P00201642,145566
P00201742,77232
P00201842,32918
P00201942,8130
P00202042,69837
P00202142,943356
P00202242,2391702
P00202342,751557
P00202442,83244
P00202542,69753
P00202642,28014
P00202742,842794
P00202842,93822
P00202942,443880
P00203042,103226
P00203142,996848
P00203242,2009
P00203442,38195
P00203642,3882
P00203742,2103
P00203842,78973
P00203942,5274
P00204042,5937
P00204142,194635
P00204242,2648706
P00204342,1787829
P00204442,4000
P00204542,20180
P00204742,796466
P00204842,149205
P00204942,301372
P00205042,329663
P00205142,901388
P00205242,355713
P00205342,12147
P00205442,2804256
P00205542,14283
P00205642,1741546
P00205742,40706
P00205842,1074065
P00205942,3443299
P00206042,639525
P00206142,154225
P00206242,6918
P00206342,579345
P00206442,2533773
P00206542,4049
P00206642,210620
P00206742,49852
P00206842,51565
P00206942,15224
P00207042,498899
P00207142,251363
P00207242,494492
P00207342,921076
P00207442,1238449
P00207542,160474
P00207642,245231
P00207742,512767
P00207842,22515
P00207942,8584635
P00208042,719579
P00208142,278548
P00208242,412579
P00208342,4935669
P00208442,500059
P00208542,251479
P00208642,3917
P00208742,6088354
P00208842,524028
P00208942,844075
P00209042,98379
P00209142,1091945
P00209242,168673
P00209342,182574
P00209442,138666
P00209542,114718
P00209642,2245406
P00209742,5571654
P00209842,3681153
P00209942,294955
P00210042,5557601
P00210142,155511
P00210242,82044
P00210342,3185380
P00210442,269301
P00210542,319598
P00210642,1138078
P00210742,71236
P00210842,13896
P00210942,2407272
P00211042,1207516
P00211142,3973191
P00211242,1336228
P00211342,16044
P00211442,106261
P00211542,236533
P00211642,213029
P00211742,8233
P00211942,498153
P00212042,147633
P00212142,1283545
P00212242,2117618
P00212342,349755
P00212442,320245
P00212542,852689
P00212642,17599
P00212742,1201343
P00212842,510165
P00212942,4025490
P00213042,1897266
P00213142,380382
P00213242,4725971
P00213342,388347
P00213442,63057
P00213542,226796
P00213642,375021
P00213742,2965777
P00213842,787360
P00213942,491730
P00214042,50661
P00214142,2235898
P00214242,2384186
P00214342,1217693
P00214442,3982498
P00214542,447121
P00214642,576412
P00214742,60106
P00214842,2253731
P00214942,143477
P00215042,52564
P00215142,4064
P00215242,1325108
P00215342,126427
P00215442,2414948
P00215542,645745
P00215642,1299692
P00215742,529975
P00215842,56584
P00215942,507173
P00216042,3096662
P00216142,7941028
P00216242,563233
P00216342,9625635
P00216442,243722
P00216542,937161
P00216642,14061
P00216742,2505689
P00216842,502584
P00216942,496322
P00217042,179296
P00217142,2045379
P00217242,726759
P00217342,813717
P00217442,5608913
P00217542,1612143
P00217642,214308
P00217742,2165086
P00217842,1038834
P00217942,2070204
P00218042,642918
P00218142,998594
P00218242,690561
P00218342,1095692
P00218442,2087992
P00218542,417872
P00218642,1126041
P00218742,486421
P00218842,389347
P00218942,327928
P00219042,271714
P00219142,210004
P00219242,668654
P00219342,327456
P00219442,126032
P00219542,597164
P00219642,75723
P00219742,1651885
P00219842,1159195
P00219942,6104832
P00220042,418843
P00220142,5646984
P00220242,3013354
P00220342,4614004
P00220442,9062784
P00220542,44000
P00220642,1531460
P00220742,1098762
P00220842,49964
P00220942,455480
P00221042,2387127
P00221142,2934867
P00221242,1482752
P00221342,4690449
P00221442,10602583
P00221542,3378682
P00221642,625743
P00221742,3049157
P00221842,2517583
P00221942,2326154
P00222042,1168555
P00222142,1365272
P00222242,2685611
P00222342,52658
P00222442,1030326
P00222542,187349
P00222642,307371
P00222742,248891
P00222842,1777199
P00222942,2796876
P00223042,1226483
P00223142,1739216
P00223242,2719376
P00223342,454856
P00223442,81827
P00223542,5769134
P00223642,1096434
P00223742,965800
P00223842,785491
P00223942,1424078
P00224042,551487
P00224142,2265728
P00224242,184142
P00224342,374339
P00224442,397397
P00224542,310951
P00224642,7820
P00224742,736536
P00224842,156511
P00224942,78287
P00225042,635881
P00225142,453781
P00225242,22690
P00225342,224236
P00225442,353393
P00225542,717689
P00225642,340982
P00225742,93074
P00225842,1508305
P00225942,267594
P00226042,21481
P00226142,661319
P00226242,1311577
P00226342,3035760
P00226442,559860
P00226542,1774505
P00226642,332470
P00226742,612627
P00226842,243163
P00226942,99583
P00227042,63529
P00227142,1485424
P00227342,74424
P00227442,26381
P00227542,129067
P00227642,2001570
P00227742,1505822
P00227842,5623769
P00227942,1896967
P00228042,289341
P00228142,364274
P00228242,1189141
P00228342,1082372
P00228442,1864749
P00228542,153211
P00228642,1698579
P00228742,115306
P00228842,9898
P00228942,118933
P00229042,94893
P00229142,83173
P00229342,1181522
P00229442,12026
P00229542,43828
P00229642,311473
P00229742,5951582
P00229842,277008
P00229942,429524
P00230042,126863
P00230142,258184
P00230242,533578
P00230342,1158603
P00230442,992783
P00230542,204477
P00230642,196327
P00230742,316556
P00230842,2669018
P00230942,3071781
P00231042,43453
P00231142,543178
P00231242,1922449
P00231342,487362
P00231442,152604
P00231542,35370
P00231642,7181
P00231742,673454
P00231842,89237
P00231942,767708
P00232042,210704
P00232142,88375
P00232242,92800
P00232342,643153
P00232442,968719
P00232542,255210
P00232642,555510
P00232742,212031
P00232842,214604
P00232942,98276
P00233042,1633563
P00233142,714305
P00233242,692054
P00233342,4699600
P00233442,4407355
P00233542,8952841
P00233642,2358781
P00233742,1830144
P00233842,2177465
P00233942,2988185
P00234042,86869
P00234142,733502
P00234242,51797
P00234342,119883
P00234442,37661
P00234542,2033614
P00234642,1026042
P00234742,2009919
P00234842,2385767
P00234942,7120
P00235042,58068
P00235142,9238
P00235242,509706
P00235342,217656
P00235442,861541
P00235542,485936
P00235642,695356
P00235742,87809
P00235842,625111
P00235942,367796
P00236042,269244
P00236242,8223
P00236342,607179
P00236442,101525
P00236542,640068
P00236642,790338
P00236742,19720
P00236942,292170
P00237042,161157
P00237142,885407
P00237242,903441
P00237342,29949
P00237442,357949
P00237542,23096487
P00237642,2253232
P00237742,147121
P00237842,472711
P00237942,558999
P00238042,6529
P00238142,95179
P00238242,29922
P00238342,121338
P00238442,5755119
P00238542,1882839
P00238642,348715
P00238742,85177
P00238842,5142
P00238942,163448
P00239042,42869
P00239142,278178
P00239242,158376
P00239342,123900
P00239442,5380
P00239642,118177
P00239742,269865
P00239842,534680
P00239942,152781
P00240042,1526286
P00240142,5538045
P00240242,2749704
P00240342,16638
P00240442,5301489
P00240542,490593
P00240642,379558
P00240742,41269
P00240842,284197
P00240942,152866
P00241042,626708
P00241142,618851
P00241242,1992601
P00241342,233919
P00241442,915691
P00241542,3390341
P00241642,7083876
P00241742,179432
P00241842,5922
P00241942,175259
P00242042,258113
P00242142,1251106
P00242242,19102
P00242342,392228
P00242442,494595
P00242542,161729
P00242642,96737
P00242742,16065026
P00242842,375145
P00242942,172141
P00243042,7218
P00243142,33707
P00243242,525309
P00243342,253763
P00243442,70032
P00243542,38542
P00243642,74903
P00243742,101888
P00243842,563580
P00243942,9275043
P00244042,5601253
P00244142,2526651
P00244242,1343168
P00244342,733200
P00244442,304418
P00244542,71883
P00244642,114473
P00244742,1305651
P00244842,175268
P00244942,74698
P00245042,243896
P00245142,151490
P00245242,107325
P00245342,440780
P00245442,69055
P00245542,134708
P00245642,3983127
P00245742,105788
P00245842,196821
P00245942,1254467
P00246042,675756
P00246142,4769484
P00246242,360932
P00246342,1986740
P00246442,544063
P00246542,273237
P00246642,398669
P00246742,574066
P00246842,631635
P00246942,1356412
P00247042,2556334
P00247142,1339622
P00247242,43277
P00247342,80185
P00247442,49390
P00247542,996855
P00247642,2202493
P00247742,109997
P00247842,8220
P00247942,146120
P00248042,384354
P00248142,4888423
P00248242,16252
P00248342,2447268
P00248442,2164261
P00248542,2359377
P00248642,275232
P00248742,1531079
P00248842,78423
P00248942,9287185
P00249042,1788644
P00249142,2484618
P00249242,30365
P00249342,286324
P00249442,159676
P00249542,9152066
P00249642,7285008
P00249742,4015157
P00249842,1224623
P00250042,111657
P00250142,20100
P00250242,4919016
P00250342,5009194
P00250442,332977
P00250542,269355
P00250642,3055617
P00250742,66297
P00250842,3310289
P00250942,772102
P00251042,316087
P00251142,55382
P00251242,8008389
P00251342,1534145
P00251442,1145145
P00251542,976881
P00251642,1634459
P00251742,617735
P00251842,3481202
P00251942,5526376
P00252042,1876067
P00252142,396265
P00252242,1176879
P00252342,217746
P00252442,1871662
P00252542,931012
P00252642,528730
P00252742,1013745
P00252842,598814
P00252942,261868
P00253042,1616339
P00253142,2939114
P00253242,751975
P00253342,100986
P00253442,260699
P00253542,1829112
P00253642,43859
P00253742,380324
P00253942,97877
P00254042,121903
P00254142,972117
P00254242,2969459
P00254342,1060340
P00254442,538411
P00254542,322587
P00254642,940329
P00254742,122982
P00254842,493555
P00254942,540230
P00255042,23295
P00255142,105283
P00255242,124968
P00255342,513419
P00255442,76447
P00255542,1366373
P00255642,24311
P00255742,4193154
P00255842,24652442
P00255942,7848507
P00256042,2226836
P00256142,19451
P00256242,114057
P00256342,64680
P00256442,58369
P00256542,537428
P00256642,2796553
P00256742,581350
P00256842,700800
P00256942,49778
P00257042,248733
P00257142,55788
P00257242,104940
P00257342,15928
P00257442,175430
P00257542,1131637
P00257642,229384
P00257742,162848
P00257842,294491
P00257942,9069
P00258042,166462
P00258142,49363
P00258242,130082
P00258342,300452
P00258442,1693191
P00258542,448686
P00258642,120008
P00258742,6683621
P00258842,1565141
P00258942,647232
P00259042,1020797
P00259142,1973364
P00259242,683408
P00259342,5492155
P00259442,311404
P00259542,164084
P00259642,92429
P00259742,332688
P00259842,1996932
P00259942,2768393
P00260042,5492253
P00260142,1194319
P00260242,401129
P00260342,314154
P00260442,1919828
P00260542,61090
P00260642,279351
P00260742,7185
P00260842,284632
P00260942,243674
P00261042,16748
P00261142,1468936
P00261242,536985
P00261342,431687
P00261442,194412
P00261542,2843966
P00261642,238730
P00261742,13434
P00261842,1389407
P00261942,15402
P00262042,99980
P00262142,9961
P00262242,5115584
P00262342,1931261
P00262442,115977
P00262542,456522
P00262642,51670
P00262742,11882
P00262842,18411
P00262942,61620
P00263042,375173
P00263142,522305
P00263242,82415
P00263342,51835
P00263442,2591350
P00263542,4250045
P00263642,359259
P00263742,74137
P00263842,267584
P00264042,194098
P00264142,97640
P00264242,141228
P00264342,40855
P00264442,16192
P00264542,589910
P00264642,572259
P00264742,67051
P00264842,12778
P00264942,27913
P00265042,513697
P00265142,2172737
P00265242,13983325
P00265342,2345318
P00265442,413041
P00265542,1135244
P00265642,266380
P00265742,1780417
P00265842,76712
P00265942,87864
P00266042,808399
P00266142,976371
P00266242,119936
P00266342,15973
P00266442,653708
P00266542,5144002
P00266642,6192775
P00266742,56306
P00266842,213555
P00266942,1066131
P00267042,184008
P00267142,666867
P00267242,74310
P00267342,1189205
P00267442,438708
P00267542,5297425
P00267642,367155
P00267742,847011
P00267842,93999
P00267942,221202
P00268042,22859
P00268142,14120
P00268242,320153
P00268342,901042
P00268442,4256233
P00268542,541920
P00268642,68132
P00268742,283751
P00268842,101984
P00269042,34052
P00269142,72160
P00269242,215778
P00269342,812164
P00269442,354675
P00269542,852629
P00269642,352808
P00269742,164045
P00269842,49725
P00269942,661715
P00270042,652181
P00270142,496862
P00270242,3816892
P00270442,22090
P00270542,3543614
P00270642,73782
P00270742,27199
P00270842,2934053
P00270942,16363769
P00271042,4730598
P00271142,5631316
P00271242,1554685
P00271342,444249
P00271442,582748
P00271542,375202
P00271642,39106
P00271742,1049827
P00271842,214681
P00271942,1356498
P00272042,472931
P00272142,295206
P00272242,761382
P00272342,37889
P00272442,13873
P00272542,490766
P00272642,33626
P00272742,2820
P00272842,580765
P00272942,569071
P00273042,383977
P00273142,163407
P00273242,193735
P00273342,1117388
P00273442,199702
P00273542,1292092
P00273642,635209
P00273742,6018272
P00273842,9444
P00273942,1158750
P00274042,7198891
P00274142,5990900
P00274242,5334582
P00274342,1496535
P00274442,4346853
P00274542,1716837
P00274642,324968
P00274742,6449
P00274842,895167
P00274942,6305454
P00275042,7762
P00275142,809015
P00275242,38586
P00275342,143322
P00275442,55498
P00275542,320454
P00275642,1803183
P00275742,473725
P00275842,6668341
P00275942,259415
P00276042,641948
P00276142,226801
P00276242,244515
P00276342,1862240
P00276442,102529
P00276542,358925
P00276642,1794821
P00276742,117064
P00276842,292023
P00276942,110456
P00277042,99281
P00277142,72444
P00277242,610480
P00277342,116463
P00277442,8771983
P00277542,2495238
P00277642,11582975
P00277742,443214
P00277842,2900674
P00277942,2474928
P00278042,3009980
P00278142,46056
P00278242,3377470
P00278342,37968
P00278442,664245
P00278542,484453
P00278642,8803000
P00278742,79320
P00278842,12225
P00278942,2779921
P00279142,384571
P00279242,28397
P00279342,612564
P00279442,4888048
P00279542,3852986
P00279642,2574585
P00279742,343571
P00279842,167824
P00279942,587129
P00280042,23145
P00280142,191171
P00280242,183978
P00280342,1092966
P00280442,1072911
P00280542,221872
P00280642,724456
P00280742,3493718
P00280842,3741450
P00280942,77190
P00281042,918055
P00281142,328086
P00281242,15492
P00281342,5028
P00281442,6451
P00281542,527185
P00281642,1298051
P00281742,911904
P00281842,104394
P00281942,1878978
P00282042,2803906
P00282142,1789327
P00282242,1590816
P00282342,1037147
P00282442,2253704
P00282542,358556
P00282642,3118207
P00282742,993132
P00282842,115913
P00282942,103191
P00283042,46172
P00283142,219789
P00283242,353956
P00283342,323357
P00283442,97515
P00283542,183998
P00283642,81389
P00283742,35955
P00283842,503198
P00283942,3411270
P00284042,1113380
P00284142,393917
P00284242,651511
P00284342,62477
P00284542,28833
P00284642,1984851
P00284742,1055741
P00284842,3082032
P00284942,968158
P00285042,289806
P00285142,7883
P00285242,1010183
P00285342,1274043
P00285442,1543739
P00285542,219440
P00285642,3709762
P00285742,1180913
P00285842,3477075
P00285942,115219
P00286042,371632
P00286142,583953
P00286242,250819
P00286342,954432
P00286442,596030
P00286542,527563
P00286642,2881798
P00286742,6000531
P00286842,1565019
P00286942,29518
P00287042,1739
P00287142,292009
P00287242,1633541
P00287342,1430562
P00287442,1072650
P00287542,833778
P00287642,586267
P00287742,81841
P00287842,793414
P00287942,387509
P00288042,2284284
P00288142,287060
P00288242,870348
P00288342,2205500
P00288442,808499
P00288542,2429340
P00288642,6844002
P00288742,1965351
P00288842,202078
P00288942,6118761
P00289042,2713049
P00289142,93124
P00289242,6387581
P00289342,3331479
P00289442,230085
P00289542,108814
P00289642,765761
P00289742,295612
P00289842,3154227
P00289942,9489580
P00290042,341206
P00290142,34284
P00290242,262676
P00290342,210925
P00290442,7761
P00290542,339150
P00290642,157023
P00290742,117448
P00290842,3753
P00290942,89383
P00291042,677667
P00291142,16041
P00291242,184668
P00291342,156714
P00291442,1046038
P00291542,305923
P00291642,5433
P00291742,86576
P00291842,109597
P00291942,856282
P00292042,756958
P00292142,16609
P00292242,127769
P00292342,235739
P00292442,78581
P00292542,33523
P00292642,202600
P00292742,1026388
P00292842,143813
P00292942,125251
P00293042,961471
P00293142,848814
P00293242,5368101
P00293342,2988752
P00293442,1914
P00293542,254671
P00293742,1467582
P00293842,2020663
P00293942,26035
P00294042,1137578
P00294142,1059904
P00294242,608861
P00294342,101463
P00294442,2425240
P00294542,4642886
P00294642,51982
P00294742,52123
P00294842,1130314
P00295042,300331
P00295142,17444
P00295242,687867
P00295342,3288760
P00295442,980949
P00295542,123317
P00295642,15966
P00295742,1651454
P00295842,2910834
P00295942,11779082
P00296042,5002510
P00296142,386326
P00296242,2156458
P00296342,704716
P00296442,149792
P00296542,680185
P00296642,996048
P00296742,233615
P00296842,27909
P00296942,1324206
P00297042,1588529
P00297142,13927
P00297242,390101
P00297342,1077065
P00297442,627560
P00297542,117284
P00297642,771064
P00297742,1593376
P00297842,1684962
P00297942,1423695
P00298042,201841
P00298142,671417
P00298242,1506854
P00298342,2233
P00298442,4216689
P00298542,1604675
P00298742,824556
P00298842,13260
P00298942,1571998
P00299042,2183
P00299142,3082663
P00299242,242592
P00299342,6040
P00299442,1193502
P00299542,356881
P00299642,55953
P00299742,5966
P00299842,317092
P00299942,94172
P00300042,3373059
P00300242,93455
P00300342,122877
P00300442,103390
P00300542,283940
P00300642,300168
P00300742,1958
P00300942,630134
P00301042,19042
P00301142,17586
P00301242,201904
P00301342,5429
P00301442,4249
P00301542,1518536
P00301642,73721
P00301742,91984
P00301842,189712
P00301942,7147
P00302042,707387
P00302142,1125657
P00302242,27687
P00302342,2002544
P00302442,2042748
P00302542,482953
P00302642,2286124
P00302742,1311282
P00302842,947061
P00302942,2089322
P00303042,3705327
P00303142,1250624
P00303242,3894003
P00303342,8430212
P00303442,3909434
P00303542,939582
P00303642,1436642
P00303742,1953469
P00303842,1427432
P00303942,450793
P00304042,1961250
P00304142,1474424
P00304242,2684017
P00304342,1042070
P00304442,3741946
P00304542,668040
P00304642,2555189
P00304742,702411
P00304842,1391398
P00304942,1204950
P00305042,1290369
P00305142,3057413
P00305242,700483
P00305342,104507
P00305442,7943
P00305542,7478
P00305642,519565
P00305742,29695
P00305842,81948
P00305942,152035
P00306042,1882196
P00306142,286184
P00306242,497449
P00306342,16096
P00306442,230531
P00306542,5197
P00306742,75775
P00306942,6004
P00307042,8143
P00307142,821721
P00307242,8398
P00307342,2285872
P00307442,363909
P00307542,3761908
P00307642,1954890
P00307742,146876
P00307842,54123
P00307942,390416
P00308042,19206
P00308142,86535
P00308242,1125531
P00308342,833658
P00308442,94978
P00308542,277280
P00308642,36833
P00308842,46537
P00308942,39547
P00309042,726
P00309142,1740173
P00309242,1910305
P00309342,368378
P00309442,119215
P00309542,162015
P00309642,3515
P00309742,13922
P00309942,513435
P00310042,353403
P00310142,483492
P00310242,1119740
P00310342,2755382
P00310442,107752
P00310542,448028
P00310642,90395
P00310742,52031
P00310842,3879871
P00310942,49412
P00311042,11852
P00311242,294263
P00311342,224780
P00311442,182798
P00311542,666276
P00311642,843271
P00311742,87960
P00311842,41231
P00311942,179676
P00312042,10902
P00312142,847174
P00312242,86682
P00312342,594001
P00312442,55803
P00312542,6080
P00312742,4905479
P00312842,1805918
P00312942,411538
P00313042,1592356
P00313142,2208098
P00313242,2529747
P00313342,3966211
P00313442,2805636
P00313542,3587313
P00313642,1352556
P00313742,376595
P00313842,2019936
P00313942,203161
P00314042,467538
P00314142,246797
P00314242,221223
P00314342,370408
P00314542,52279
P00314642,479258
P00314742,4194
P00314842,6093
P00314942,12183
P00315042,379697
P00315142,18468
P00315242,7062
P00315442,2020087
P00315542,358766
P00315642,2975943
P00315742,420574
P00315842,807017
P00315942,226526
P00316042,63858
P00316142,198885
P00316242,333838
P00316342,100225
P00316442,546327
P00316542,150335
P00316642,1119422
P00316742,506989
P00316842,425736
P00316942,90172
P00317042,96536
P00317142,410404
P00317242,90509
P00317342,124522
P00317442,1758760
P00317542,932243
P00317642,853818
P00317742,3670
P00317842,5699227
P00317942,1434085
P00318042,36833
P00318142,960409
P00318342,336587
P00318442,72333
P00318542,247320
P00318642,370513
P00318742,10759006
P00318842,19312
P00318942,802488
P00319042,4584106
P00319142,774438
P00319242,240516
P00319342,2902500
P00319442,252690
P00319542,672033
P00319642,542332
P00319742,192469
P00319842,1729771
P00319942,1544448
P00320042,496662
P00320142,297222
P00320242,197695
P00320342,208230
P00320442,4695550
P00320542,366018
P00320642,40220
P00320742,2862466
P00320842,1072470
P00320942,899432
P00321042,3311097
P00321142,209104
P00321242,42890
P00321342,1458332
P00321442,44346
P00321542,122617
P00321642,287024
P00321742,3685508
P00321842,121649
P00321942,2647148
P00322042,1301207
P00322142,2163333
P00322242,260260
P00322342,115721
P00322442,218772
P00322542,442658
P00322742,191325
P00322942,2255724
P00323042,1162809
P00323142,12714
P00323242,123290
P00323342,56368
P00323442,669946
P00323542,1191823
P00323642,2001814
P00323742,1184184
P00323842,650342
P00323942,6342518
P00324042,10983
P00324142,69114
P00324242,123307
P00324342,641777
P00324442,1904972
P00324542,778616
P00324642,959826
P00324742,3759200
P00324842,581826
P00324942,5279102
P00325042,10249
P00325142,761888
P00325242,1869888
P00325342,1656
P00325442,90649
P00325542,95640
P00325642,46429
P00325742,3823743
P00325842,34717
P00325942,179365
P00326042,98953
P00326242,2129857
P00326342,15630
P00326442,146488
P00326542,266998
P00326642,1233382
P00326742,2920414
P00326842,463154
P00326942,952431
P00327042,334171
P00327142,531994
P00327242,2644137
P00327342,2876923
P00327442,602872
P00327542,1360485
P00327642,623293
P00327742,267726
P00327842,3224646
P00327942,167480
P00328042,1825593
P00328142,1443610
P00328242,190771
P00328342,625065
P00328442,770823
P00328642,158381
P00328742,1417188
P00328842,102741
P00328942,660238
P00329042,6037
P00329142,39166
P00329242,1751332
P00329342,1095817
P00329442,2746158
P00329542,9907639
P00329642,1096118
P00329742,1188642
P00329842,7071
P00329942,101346
P00330042,60009
P00330142,16149
P00330242,1491397
P00330342,1930083
P00330442,1754464
P00330542,97643
P00330642,603910
P00330742,295906
P00330842,165515
P00331042,3232897
P00331142,276092
P00331242,322512
P00331342,885114
P00331442,303004
P00331542,1023081
P00331642,172697
P00331742,441592
P00331842,3317978
P00331942,3353313
P00332042,290098
P00332142,431051
P00332242,7141541
P00332342,1139274
P00332442,812306
P00332542,82553
P00332642,79280
P00332742,51468
P00332842,87756
P00332942,824942
P00333042,1111891
P00333142,126774
P00333242,133359
P00333342,141616
P00333442,35995
P00333542,475514
P00333642,112510
P00333742,37198
P00333842,14315
P00333942,11727
P00334042,2173688
P00334142,172534
P00334242,17230484
P00334342,190300
P00334442,85777
P00334542,28254
P00334642,808570
P00334742,153337
P00334842,98324
P00334942,86529
P00335042,247495
P00335142,223584
P00335242,2119265
P00335342,13689
P00335442,1247114
P00335542,719929
P00335642,6883
P00335742,162327
P00335842,84744
P00335942,618996
P00336042,335572
P00336142,388317
P00336242,6981
P00336342,33460
P00336442,17744
P00336542,96671
P00336642,170442
P00336742,117782
P00336942,2671899
P00337042,66419
P00337142,15633
P00337242,92758
P00337342,156312
P00337442,296621
P00337542,1654536
P00337642,1514129
P00337742,351349
P00337842,1370424
P00337942,1122731
P00338042,283553
P00338142,146153
P00338242,2123
P00338342,325387
P00338442,8863191
P00338542,5962234
P00338642,133721
P00338742,114959
P00338842,353104
P00338942,655393
P00339042,1136109
P00339142,5305
P00339242,147707
P00339342,2479469
P00339442,1485848
P00339542,3596011
P00339642,30743
P00339742,115066
P00339842,4126772
P00339942,3329669
P00340042,31673
P00340142,21869
P00340242,28611
P00340342,701778
P00340442,28372
P00340542,85118
P00340642,432349
P00340742,7989
P00340842,25939
P00340942,986831
P00341042,3155
P00341142,6098
P00341242,1503318
P00341342,3945515
P00341442,228523
P00341542,20291
P00341642,13892
P00341742,600142
P00341842,332476
P00341942,375312
P00342042,158847
P00342142,168923
P00342242,103336
P00342342,81053
P00342442,34731
P00342542,6013
P00342642,148454
P00342742,1551338
P00342842,165838
P00342942,105592
P00343042,4118033
P00343142,826117
P00343242,102831
P00343342,148832
P00343442,194870
P00343542,729614
P00343642,411932
P00343742,353917
P00343842,566544
P00343942,458995
P00344042,503429
P00344142,336158
P00344242,2797300
P00344342,1417444
P00344442,1748495
P00344542,3219941
P00344742,919801
P00344842,321910
P00344942,200561
P00345042,95909
P00345142,114201
P00345242,488237
P00345342,89912
P00345442,85556
P00345542,170077
P00345642,3930905
P00345742,4897614
P00345842,5199734
P00345942,963062
P00346042,3645147
P00346142,8300949
P00346242,7938589
P00346342,4817764
P00346442,1956003
P00346542,4033158
P00346642,746719
P00346742,654012
P00346842,211145
P00346942,896261
P00347042,106499
P00347142,1029225
P00347242,340070
P00347342,202389
P00347442,216618
P00347542,362258
P00347642,3701518
P00347742,534454
P00347842,149186
P00347942,351968
P00348042,87176
P00348142,3448
P00348242,1093432
P00348342,697973
P00348442,491704
P00348542,820647
P00348642,521602
P00348742,1153265
P00348842,1725127
P00348942,2018624
P00349042,125073
P00349142,172171
P00349242,1089122
P00349342,213774
P00349442,4545998
P00349542,144662
P00349642,238915
P00349742,347934
P00349842,167271
P00349942,4358497
P00350042,2016901
P00350142,1024165
P00350242,241253
P00350342,3101209
P00350442,3289533
P00350542,217384
P00350642,608764
P00350842,74624
P00350942,7643798
P00351042,1662579
P00351142,9228270
P00351242,814670
P00351342,7271843
P00351442,94095
P00351542,45599
P00351642,299969
P00351742,161399
P00351842,1033855
P00351942,173232
P00352042,3029
P00352142,5149121
P00352242,1341246
P00352342,148154
P00352442,1152449
P00352542,457588
P00352642,389381
P00352742,1537273
P00352842,2081586
P00352942,1141407
P00353042,1545
P00353142,446577
P00353242,102615
P00353342,112398
P00353442,156662
P00353542,21854
P00353642,17688
P00353742,12461
P00353842,341898
P00353942,194914
P00354042,260555
P00354142,2190670
P00354242,514847
P00354342,1732431
P00354442,568604
P00354542,188977
P00354642,1000445
P00354742,687249
P00354842,186380
P00354942,1493941
P00355042,87687
P00355142,12004750
P00355242,375514
P00355342,237757
P00355442,59740
P00355542,183903
P00355642,3578686
P00355742,267407
P00355842,11860
P00355942,987739
P00356042,1632343
P00356142,44286
P00356242,99266
P00356342,180694
P00356442,74315
P00356542,881009
P00356642,146863
P00356742,2764642
P00356842,286353
P00356942,1499113
P00357042,938983
P00357142,262152
P00357242,842983
P00357342,209727
P00357442,58059
P00357542,1791
P00357642,884938
P00357742,23905
P00357842,642228
P00357942,326460
P00358042,252673
P00358142,302910
P00358242,660273
P00358342,846102
P00358442,3490526
P00358542,8698
P00358642,46045
P00358742,640759
P00358842,65374
P00358942,104123
P00359042,874001
P00359142,1139640
P00359242,2885671
P00359342,281077
P00359442,99356
P00359542,112968
P00359642,225643
P00359742,1791271
P00359942,77885
P00360042,1642405
P00360142,89450
P00360242,421785
P00360342,51386
P00360442,52762
P00360542,422003
P00360642,93945
P00360742,130146
P00360842,744272
P00360942,36464
P00361042,61265
P00361142,129703
P00361242,319144
P00361342,203045
P00361442,772155
P00361542,85178
P00361642,765898
P00361742,65536
P00361842,4980947
P00361942,890215
P00362042,444322
P00362142,23055
P00362242,27988
P00362342,2337670
P00362442,1290587
P00362542,177445
P00362642,1190426
P00362742,464270
P00362842,982437
P00362942,65357
P00363042,13723
P00363142,10215
P00363242,830196
P00363342,77603
P00363442,675748
P00363542,129035
P00363742,708257
P00363842,33766
P00363942,99919
P00364042,84401
P00364142,114076
P00364242,20133
P00364342,9874
P00364442,660268
P00364542,12895
P00364642,25657
P00364742,26018
P00364842,1999149
P00364942,76309
P00365042,496144
P00365142,1296256
P00365242,3826751
P00365342,286270
P00365442,3765
P00365542,112257
P00365642,257775
P00365742,69068
P00365842,191794
P00365942,2177
P00366042,36815
P00366142,198136
P00366242,161948
P00366342,163239
P00366442,925894
P00366542,2572009
P00366642,95764
P00366742,178882
P00366842,262433
P00366942,438895
P00367042,1740345
P00367142,754864
P00367242,366277
P00367342,185872
P00367442,273946
P00367542,100009
P00367642,104432
P00367742,240696
P00367842,76232
P00367942,451951
P00368042,1018717
P00368142,2234752
P00368242,702115
P00368342,565832
P00368442,632164
P00368542,61641
P00368642,734225
P00368742,20511
P00368842,174904
P00368942,45800
P00369042,465887
P00369142,964990
P00369242,49331
P00369342,46571
P00369442,21836
P00369542,44856
P00369642,31382
P00369742,282520
P00369842,22784
P00369942,134418
P00370042,389719
P00370142,438547
P00370242,2939996
P00370342,1339037
P00370442,177198
P00370542,179014
P00370642,1606744
P0093742,131540
P0093842,35015
P0093942,377389
P0094042,589718
P0094142,135212
P0094242,280491
P0094342,259521
P0094442,127649
P0094542,1789414
P0094642,295617
P0094742,643945
P0094842,430766
P0094942,369402
P0095042,197689
P0095142,1235687
P0095242,198751
P0095342,1701841
P0095442,142794
P0095542,3681768
P0095642,1174666
P0095742,241566
P0095842,3156968
P0095942,1155662
P0096042,619238
P0096142,1585695
P0096242,6286
P0096342,1138847
P0096442,1422296
P0096542,3186005
P0096642,1749534
P0096742,1954556
P0096842,2974587
P0096942,1414144
P0097042,1326964
P0097142,664194
P0097242,14249873
P0097342,3750556
P0097442,37913
P0097542,45663
P0097642,6120
P0097742,1960977
P0097842,1689168
P0097942,347768
P0098042,135407
P0098142,333743
P0098242,3025773
P0098342,3281103
P0098442,1126996
P0098542,303379
P0098642,325726
P0098742,322772
P0098842,124644
P0098942,231159
P0099042,879010
P0099142,45914
P0099242,1735776
P0099342,3015288
P0099442,2813314
P0099642,83710
P0099742,967072
P0099842,721334
P0099942,70843
